date,deaths,temp,ozone,hum
01jan2002,199,-0.23,4.59,75.68
02jan2002,231,0.09,4.88,77.53
03jan2002,210,0.85,4.71,81.32
04jan2002,203,0.54,4.14,85.45
05jan2002,224,4.25,2.01,93.53
06jan2002,198,7.07,2.40,96.40
07jan2002,180,5.19,4.08,93.53
08jan2002,188,3.51,3.13,81.50
09jan2002,168,3.22,2.05,88.32
10jan2002,194,5.32,5.19,85.40
11jan2002,223,2.99,3.59,92.60
12jan2002,201,4.76,12.87,94.18
13jan2002,204,8.18,17.61,91.43
14jan2002,184,9.29,18.70,89.18
15jan2002,191,7.24,15.95,82.82
16jan2002,181,4.24,9.60,83.32
17jan2002,179,6.52,27.55,88.43
18jan2002,172,4.64,18.27,83.32
19jan2002,167,7.12,44.27,70.00
20jan2002,167,8.93,49.91,85.80
21jan2002,189,10.84,38.09,81.22
22jan2002,183,9.04,43.09,71.33
23jan2002,193,9.29,46.91,83.22
24jan2002,173,8.56,34.55,76.03
25jan2002,177,6.62,26.00,80.95
26jan2002,174,9.24,60.64,84.55
27jan2002,169,10.46,42.45,90.30
28jan2002,204,10.33,56.09,61.47
29jan2002,164,10.91,38.11,77.53
30jan2002,160,11.13,33.02,82.98
31jan2002,192,8.48,46.72,72.70
01feb2002,173,9.86,58.21,78.55
02feb2002,167,12.18,60.53,73.03
03feb2002,180,9.53,39.26,79.55
04feb2002,143,8.06,44.40,89.18
05feb2002,194,9.58,48.00,76.55
06feb2002,148,7.25,33.92,64.05
07feb2002,144,6.30,21.54,79.32
08feb2002,169,9.49,28.50,89.78
09feb2002,171,10.14,54.20,62.38
10feb2002,155,9.10,55.57,68.75
11feb2002,146,11.03,44.50,86.50
12feb2002,141,11.50,39.00,69.60
13feb2002,150,7.82,22.27,78.53
14feb2002,177,5.46,32.83,59.08
15feb2002,177,3.56,16.25,72.40
16feb2002,166,5.11,16.37,70.62
17feb2002,154,3.71,7.43,79.03
18feb2002,186,5.65,21.73,66.25
19feb2002,171,8.34,45.16,68.22
20feb2002,151,8.15,48.63,59.27
21feb2002,169,5.20,31.81,65.90
22feb2002,185,9.13,50.52,67.75
23feb2002,154,5.56,57.08,74.55
24feb2002,161,5.76,41.77,84.18
25feb2002,163,9.21,45.65,88.72
26feb2002,183,9.54,58.57,68.57
27feb2002,153,5.93,54.79,66.30
28feb2002,155,6.99,41.12,62.08
01mar2002,152,3.61,16.34,80.65
02mar2002,165,3.85,21.51,69.40
03mar2002,162,6.59,17.56,77.82
04mar2002,186,6.94,22.56,68.22
05mar2002,195,7.93,12.15,68.90
06mar2002,184,8.59,46.30,75.15
07mar2002,169,11.70,42.74,54.03
08mar2002,138,9.49,29.89,69.88
09mar2002,150,7.32,50.55,52.82
10mar2002,141,6.68,57.18,70.07
11mar2002,185,9.94,38.09,81.78
12mar2002,179,8.86,10.91,82.35
13mar2002,157,6.24,52.55,76.10
14mar2002,163,5.17,47.09,73.15
15mar2002,182,6.56,4.42,93.78
16mar2002,177,10.48,27.64,74.75
17mar2002,206,11.19,37.18,79.40
18mar2002,164,9.41,54.00,83.78
19mar2002,156,9.42,34.91,72.53
20mar2002,180,11.36,33.36,85.72
21mar2002,168,12.82,36.00,69.45
22mar2002,135,11.86,25.64,72.80
23mar2002,166,9.46,41.64,60.58
24mar2002,151,8.03,38.82,54.47
25mar2002,165,8.95,29.00,60.47
26mar2002,158,9.05,37.87,61.65
27mar2002,165,6.78,27.73,61.90
28mar2002,161,7.47,19.18,50.28
29mar2002,170,9.24,20.45,49.40
30mar2002,161,10.16,41.27,49.70
31mar2002,132,9.89,52.64,81.25
01apr2002,151,12.01,65.00,64.85
02apr2002,167,12.70,38.73,57.90
03apr2002,161,15.61,35.27,40.75
04apr2002,177,12.83,28.86,57.00
05apr2002,154,11.02,29.89,61.45
06apr2002,160,8.92,70.45,41.10
07apr2002,135,8.01,75.91,56.50
08apr2002,180,9.19,62.55,56.58
09apr2002,171,6.50,53.18,69.97
10apr2002,158,8.56,81.18,45.42
11apr2002,162,8.08,59.45,48.78
12apr2002,143,7.68,71.82,49.40
13apr2002,127,7.18,57.18,57.40
14apr2002,147,6.88,36.00,55.30
15apr2002,153,8.68,17.55,69.62
16apr2002,146,9.05,35.09,45.60
17apr2002,150,9.52,47.55,53.75
18apr2002,134,9.12,40.91,60.70
19apr2002,150,9.59,24.00,63.62
20apr2002,152,10.30,31.64,52.60
21apr2002,178,12.89,58.55,49.82
22apr2002,147,14.34,51.91,56.95
23apr2002,174,15.29,35.73,60.53
24apr2002,151,15.73,22.19,68.05
25apr2002,143,13.16,37.63,54.50
26apr2002,153,11.36,47.45,85.38
27apr2002,161,9.71,54.38,49.45
28apr2002,140,11.16,71.36,67.88
29apr2002,151,10.01,60.96,56.05
30apr2002,145,9.86,54.36,88.57
01may2002,127,10.78,45.03,51.45
02may2002,154,10.19,25.73,55.70
03may2002,161,10.48,35.45,57.28
04may2002,139,9.10,55.00,58.65
05may2002,143,7.63,63.45,54.47
06may2002,157,10.74,56.45,75.47
07may2002,147,12.64,33.36,76.22
08may2002,147,11.36,45.18,75.35
09may2002,142,10.46,47.18,81.93
10may2002,151,13.10,31.55,77.05
11may2002,155,13.76,43.27,66.92
12may2002,133,12.96,39.45,72.00
13may2002,136,12.21,49.64,88.22
14may2002,160,13.23,67.64,58.53
15may2002,165,14.73,53.18,61.08
16may2002,149,16.66,43.00,51.22
17may2002,139,18.49,61.82,55.35
18may2002,152,15.08,53.82,73.12
19may2002,124,15.04,66.45,60.17
20may2002,160,15.64,48.27,64.00
21may2002,154,15.37,62.44,66.85
22may2002,142,15.14,62.96,61.60
23may2002,149,14.50,62.16,56.85
24may2002,155,13.91,63.66,75.43
25may2002,146,12.77,67.83,50.92
26may2002,138,11.02,65.44,76.57
27may2002,155,11.61,47.42,63.03
28may2002,172,12.30,48.00,77.35
29may2002,147,13.00,52.73,53.88
30may2002,133,13.14,48.55,61.72
31may2002,161,14.06,43.45,54.05
01jun2002,143,15.74,54.45,43.95
02jun2002,148,18.26,71.18,43.22
03jun2002,144,16.02,65.64,68.60
04jun2002,155,12.73,48.55,64.93
05jun2002,157,12.35,21.17,89.78
06jun2002,171,14.72,14.80,88.15
07jun2002,145,14.42,23.73,90.03
08jun2002,133,13.88,29.98,75.53
09jun2002,121,13.43,44.02,80.50
10jun2002,162,12.99,41.51,69.35
11jun2002,148,13.38,42.11,55.10
12jun2002,155,14.31,34.28,68.65
13jun2002,131,15.18,36.37,69.62
14jun2002,150,17.93,26.81,75.53
15jun2002,162,17.04,51.68,61.88
16jun2002,168,17.83,37.46,84.10
17jun2002,164,20.70,33.79,60.78
18jun2002,156,18.76,39.36,63.05
19jun2002,148,16.15,49.60,47.22
20jun2002,135,17.64,39.44,57.10
21jun2002,128,16.67,45.30,56.67
22jun2002,136,15.97,49.59,61.00
23jun2002,148,15.59,51.81,52.20
24jun2002,150,15.38,45.23,47.65
25jun2002,141,15.19,31.69,56.05
26jun2002,150,16.92,41.54,50.00
27jun2002,144,14.87,45.42,49.38
28jun2002,133,13.44,39.73,48.42
29jun2002,148,13.84,46.18,48.20
30jun2002,159,15.10,41.27,63.30
01jul2002,148,14.49,37.91,72.78
02jul2002,162,13.88,33.64,62.20
03jul2002,149,14.17,21.91,76.38
04jul2002,133,14.57,40.64,52.62
05jul2002,167,15.54,21.91,86.78
06jul2002,140,16.29,41.09,70.10
07jul2002,140,16.41,36.82,84.15
08jul2002,159,16.59,22.09,88.15
09jul2002,140,17.38,23.45,79.35
10jul2002,118,14.44,29.00,67.50
11jul2002,139,14.97,32.27,59.88
12jul2002,157,13.75,17.91,70.22
13jul2002,140,16.19,37.00,48.60
14jul2002,163,17.76,53.36,42.72
15jul2002,155,18.86,38.27,47.22
16jul2002,142,20.08,27.00,58.03
17jul2002,136,17.22,34.64,59.92
18jul2002,148,18.41,32.45,57.20
19jul2002,156,18.38,34.91,49.42
20jul2002,135,18.27,44.09,56.50
21jul2002,136,14.91,32.09,64.20
22jul2002,161,15.78,30.09,56.70
23jul2002,139,17.23,22.45,78.92
24jul2002,136,17.17,33.82,63.10
25jul2002,169,16.94,25.27,68.30
26jul2002,148,21.48,28.55,62.55
27jul2002,149,19.99,32.55,68.30
28jul2002,166,22.94,63.09,56.35
29jul2002,172,24.53,67.27,58.53
30jul2002,199,21.76,39.41,71.30
31jul2002,157,19.29,29.14,87.53
01aug2002,123,16.77,21.51,68.78
02aug2002,158,17.44,32.01,56.97
03aug2002,141,16.92,26.61,74.35
04aug2002,153,17.01,37.82,82.00
05aug2002,144,16.31,35.27,82.78
06aug2002,156,18.92,35.36,71.03
07aug2002,138,20.34,31.49,56.75
08aug2002,139,17.56,14.10,80.72
09aug2002,127,16.92,21.46,78.47
10aug2002,137,17.99,24.46,72.47
11aug2002,115,17.64,29.83,72.67
12aug2002,140,18.26,23.26,64.68
13aug2002,158,18.79,13.97,67.55
14aug2002,151,20.01,28.83,63.07
15aug2002,154,22.27,42.41,56.65
16aug2002,158,21.24,38.82,56.58
17aug2002,161,22.27,55.34,54.38
18aug2002,149,21.17,38.52,64.72
19aug2002,154,21.39,27.14,67.80
20aug2002,130,19.01,19.12,75.97
21aug2002,147,18.12,27.92,55.70
22aug2002,158,18.19,24.17,54.97
23aug2002,117,18.00,26.15,60.83
24aug2002,144,18.39,26.64,57.40
25aug2002,129,17.91,35.00,70.28
26aug2002,139,14.74,34.45,79.68
27aug2002,152,17.36,42.82,74.10
28aug2002,127,18.48,44.82,64.28
29aug2002,134,18.38,10.91,75.50
30aug2002,124,18.88,14.09,77.07
31aug2002,125,16.59,34.45,50.30
01sep2002,137,14.53,35.64,52.95
02sep2002,136,15.71,31.00,54.90
03sep2002,141,18.60,30.95,61.92
04sep2002,169,16.20,29.52,60.30
05sep2002,169,16.91,35.36,65.95
06sep2002,167,18.53,42.64,65.71
07sep2002,142,16.59,38.64,66.35
08sep2002,138,15.35,24.45,66.07
09sep2002,168,13.52,16.55,90.67
10sep2002,140,14.95,24.27,59.67
11sep2002,153,15.21,27.64,58.30
12sep2002,140,18.24,37.73,67.88
13sep2002,148,18.42,42.69,57.02
14sep2002,152,16.13,63.60,65.88
15sep2002,137,15.83,66.22,58.22
16sep2002,126,13.48,42.90,61.00
17sep2002,132,14.43,34.91,68.82
18sep2002,142,14.38,31.05,64.47
19sep2002,144,15.56,25.62,62.70
20sep2002,154,15.39,24.91,58.97
21sep2002,128,15.24,26.36,56.35
22sep2002,146,14.32,43.82,66.65
23sep2002,165,14.02,38.55,54.62
24sep2002,131,12.53,29.91,53.42
25sep2002,145,12.76,21.55,62.60
26sep2002,141,14.09,27.42,59.32
27sep2002,149,11.97,4.45,76.78
28sep2002,132,13.43,13.19,66.57
29sep2002,153,14.36,21.64,61.45
30sep2002,158,14.73,15.07,57.95
01oct2002,165,15.36,9.41,64.97
02oct2002,159,16.72,15.06,77.22
03oct2002,161,16.38,21.65,65.50
04oct2002,140,12.58,10.92,61.28
05oct2002,128,13.02,17.45,75.00
06oct2002,132,14.53,35.55,61.78
07oct2002,135,13.59,11.36,59.80
08oct2002,145,13.25,16.36,62.03
09oct2002,127,11.55,12.09,68.80
10oct2002,161,12.56,11.64,74.45
11oct2002,148,11.62,11.09,68.95
12oct2002,158,11.72,10.82,77.05
13oct2002,164,8.09,15.18,85.22
14oct2002,146,10.09,10.00,90.68
15oct2002,152,11.00,20.55,89.62
16oct2002,155,9.81,15.00,74.43
17oct2002,167,7.40,9.18,69.12
18oct2002,140,6.49,6.91,76.90
19oct2002,148,6.15,12.64,64.80
20oct2002,153,7.51,11.27,74.78
21oct2002,181,11.78,18.09,84.20
22oct2002,174,14.14,34.18,89.88
23oct2002,151,10.22,37.18,55.85
24oct2002,160,7.39,19.00,68.85
25oct2002,170,11.98,43.73,78.80
26oct2002,165,11.98,48.18,50.67
27oct2002,163,12.12,58.27,50.38
28oct2002,169,9.31,26.73,60.85
29oct2002,163,10.93,19.18,67.65
30oct2002,148,10.69,5.74,89.15
31oct2002,167,11.60,2.96,81.72
01nov2002,155,12.76,17.54,91.95
02nov2002,147,12.57,16.75,93.80
03nov2002,150,11.98,40.56,68.88
04nov2002,138,10.19,15.18,71.75
05nov2002,171,10.42,14.18,88.25
06nov2002,143,11.61,25.45,91.15
07nov2002,157,7.68,22.18,64.15
08nov2002,153,9.05,21.82,92.12
09nov2002,144,10.14,15.73,76.65
10nov2002,162,11.16,16.91,91.47
11nov2002,142,10.56,27.64,70.82
12nov2002,167,10.74,32.55,81.93
13nov2002,142,10.17,26.45,79.47
14nov2002,168,10.82,41.09,74.62
15nov2002,145,10.41,14.73,80.65
16nov2002,163,8.60,3.00,91.60
17nov2002,134,7.67,2.00,93.70
18nov2002,158,6.03,3.00,84.47
19nov2002,154,7.37,9.36,83.65
20nov2002,146,8.99,12.64,86.50
21nov2002,190,9.95,16.91,89.22
22nov2002,142,9.54,34.55,85.88
23nov2002,171,9.12,23.91,82.35
24nov2002,139,8.16,13.55,86.22
25nov2002,152,6.49,2.64,94.85
26nov2002,146,8.35,9.91,85.32
27nov2002,166,9.04,26.73,76.75
28nov2002,159,10.59,20.55,83.18
29nov2002,167,8.27,8.55,89.35
30nov2002,155,8.99,11.18,86.72
01dec2002,153,9.66,46.00,77.53
02dec2002,165,9.04,38.73,64.18
03dec2002,145,8.37,11.73,84.03
04dec2002,169,7.57,8.18,84.82
05dec2002,158,6.03,13.73,76.75
06dec2002,147,6.51,13.00,86.55
07dec2002,153,4.83,22.36,88.47
08dec2002,165,3.44,12.45,89.72
09dec2002,173,3.54,14.73,69.22
10dec2002,168,1.82,12.09,79.43
11dec2002,184,2.32,4.82,81.03
12dec2002,185,3.74,2.09,88.95
13dec2002,174,5.26,2.18,95.10
14dec2002,171,6.53,2.73,91.75
15dec2002,180,6.55,2.73,94.28
16dec2002,194,6.00,4.27,90.60
17dec2002,195,4.14,11.27,83.53
18dec2002,159,3.39,10.91,73.35
19dec2002,196,3.96,5.00,78.00
20dec2002,181,3.69,2.00,92.75
21dec2002,189,7.33,2.55,95.55
22dec2002,192,9.98,23.82,85.28
23dec2002,197,10.18,16.45,93.60
24dec2002,187,11.53,39.91,83.93
25dec2002,179,10.33,41.36,85.95
26dec2002,180,10.59,52.64,85.57
27dec2002,168,10.86,37.64,84.53
28dec2002,180,8.45,15.45,76.72
29dec2002,184,9.40,32.00,93.40
30dec2002,177,9.62,27.55,92.43
31dec2002,164,5.90,15.55,81.18
01jan2003,154,7.95,33.00,93.07
02jan2003,169,9.42,40.91,87.62
03jan2003,173,5.83,24.00,83.88
04jan2003,169,2.03,28.18,75.40
05jan2003,162,0.99,7.91,86.93
06jan2003,181,1.15,19.73,70.82
07jan2003,181,-0.46,18.82,79.30
08jan2003,173,-1.40,7.39,86.43
09jan2003,202,0.33,25.82,83.38
10jan2003,190,2.24,16.91,86.68
11jan2003,194,0.66,10.00,81.35
12jan2003,176,0.48,6.64,78.77
13jan2003,175,5.97,28.88,83.68
14jan2003,195,9.01,44.29,73.37
15jan2003,179,8.52,35.87,75.87
16jan2003,197,6.33,24.72,80.23
17jan2003,178,6.21,32.35,88.57
18jan2003,152,5.88,27.45,82.25
19jan2003,188,7.23,37.00,85.30
20jan2003,191,7.52,49.09,89.72
21jan2003,211,7.99,40.64,82.25
22jan2003,184,7.06,20.73,81.07
23jan2003,177,5.98,21.09,70.53
24jan2003,192,4.71,11.27,77.10
25jan2003,192,8.51,34.82,72.00
26jan2003,174,8.88,16.36,89.88
27jan2003,162,11.24,16.55,78.38
28jan2003,161,7.40,46.82,71.72
29jan2003,155,4.93,42.64,58.58
30jan2003,157,1.54,38.27,75.16
31jan2003,163,0.26,24.91,74.27
01feb2003,179,3.34,20.31,85.25
02feb2003,176,4.94,45.36,77.62
03feb2003,168,4.94,37.55,60.03
04feb2003,195,2.50,29.60,66.15
05feb2003,168,1.60,19.42,71.47
06feb2003,170,1.97,11.27,81.28
07feb2003,157,6.78,11.64,85.53
08feb2003,192,9.20,32.55,83.07
09feb2003,161,7.68,34.64,88.40
10feb2003,176,5.78,14.55,85.98
11feb2003,157,5.83,14.18,91.72
12feb2003,167,6.07,7.27,93.80
13feb2003,167,2.25,14.45,63.80
14feb2003,177,1.16,8.55,72.75
15feb2003,161,1.21,25.00,75.85
16feb2003,168,2.03,26.73,65.82
17feb2003,163,1.67,26.64,69.55
18feb2003,200,1.02,8.55,62.92
19feb2003,180,1.39,8.36,56.45
20feb2003,191,4.95,10.27,68.12
21feb2003,163,6.47,8.64,67.72
22feb2003,199,4.85,5.71,69.20
23feb2003,164,7.65,25.25,73.45
24feb2003,163,9.04,13.05,74.00
25feb2003,173,8.10,15.13,56.60
26feb2003,152,9.80,12.65,57.00
27feb2003,177,10.07,22.53,60.10
28feb2003,184,9.08,40.09,89.25
01mar2003,153,8.18,36.25,89.65
02mar2003,192,8.14,31.28,69.00
03mar2003,183,5.69,20.38,70.70
04mar2003,162,9.77,34.11,82.97
05mar2003,163,10.44,34.04,74.35
06mar2003,167,7.71,26.38,66.97
07mar2003,151,7.52,45.74,85.22
08mar2003,163,8.11,63.45,76.25
09mar2003,176,10.70,76.09,68.03
10mar2003,179,10.24,56.55,73.15
11mar2003,158,10.20,51.82,68.93
12mar2003,184,7.23,44.27,73.32
13mar2003,148,6.64,57.73,59.03
14mar2003,170,6.33,34.00,48.75
15mar2003,161,6.42,25.39,56.00
16mar2003,144,7.85,19.72,50.78
17mar2003,158,8.12,21.16,52.55
18mar2003,138,7.87,47.59,60.62
19mar2003,191,7.88,10.55,63.15
20mar2003,184,8.23,19.00,51.17
21mar2003,160,6.60,17.09,71.62
22mar2003,155,6.98,16.55,61.90
23mar2003,163,10.12,31.64,47.55
24mar2003,177,11.82,49.55,60.53
25mar2003,190,11.28,28.27,64.20
26mar2003,177,10.94,23.36,60.92
27mar2003,169,10.77,26.55,51.53
28mar2003,167,9.11,25.09,73.50
29mar2003,137,11.29,9.18,66.22
30mar2003,146,11.61,38.73,52.62
31mar2003,171,8.57,39.55,44.03
01apr2003,175,7.84,43.88,79.18
02apr2003,156,7.71,46.91,54.36
03apr2003,167,7.74,32.36,51.58
04apr2003,165,12.54,31.82,57.70
05apr2003,135,11.74,58.09,45.33
06apr2003,143,8.15,55.00,65.00
07apr2003,162,5.06,41.92,46.78
08apr2003,168,4.05,34.83,43.42
09apr2003,158,3.61,33.82,54.65
10apr2003,189,3.99,36.32,73.05
11apr2003,179,4.56,22.49,61.12
12apr2003,177,7.35,35.06,46.53
13apr2003,156,11.26,40.19,50.30
14apr2003,165,14.46,16.33,49.88
15apr2003,165,16.63,19.79,43.08
16apr2003,168,16.99,39.90,34.70
17apr2003,154,15.44,54.45,38.80
18apr2003,160,14.83,85.00,37.42
19apr2003,143,8.13,74.73,60.62
20apr2003,146,10.36,73.64,58.83
21apr2003,155,12.24,64.36,60.53
22apr2003,149,11.49,55.09,54.07
23apr2003,186,11.96,48.74,39.72
24apr2003,181,10.85,38.36,70.60
25apr2003,172,14.01,35.07,62.70
26apr2003,151,12.18,59.16,66.80
27apr2003,155,13.00,88.18,57.47
28apr2003,169,12.33,52.73,89.30
29apr2003,151,12.75,68.00,61.20
30apr2003,136,13.09,62.27,62.50
01may2003,143,12.26,66.23,68.70
02may2003,154,11.75,52.55,72.53
03may2003,150,11.81,64.82,62.03
04may2003,157,15.26,68.91,43.62
05may2003,149,14.04,75.18,51.67
06may2003,148,11.27,35.73,46.20
07may2003,132,12.64,45.82,43.08
08may2003,142,11.51,34.64,61.65
09may2003,142,12.93,41.09,50.60
10may2003,132,10.57,53.91,57.75
11may2003,146,10.68,53.45,68.22
12may2003,156,10.55,51.45,74.53
13may2003,148,8.55,37.18,60.43
14may2003,167,10.13,39.00,50.90
15may2003,159,10.24,38.45,47.05
16may2003,151,10.54,43.64,85.66
17may2003,143,13.10,51.73,86.55
18may2003,128,13.41,65.82,72.62
19may2003,148,12.91,58.66,65.95
20may2003,135,11.27,60.86,65.07
21may2003,154,13.26,44.81,66.53
22may2003,152,15.56,36.25,77.80
23may2003,154,14.59,60.49,64.68
24may2003,151,13.36,54.22,56.97
25may2003,153,13.52,56.46,56.08
26may2003,129,13.49,49.19,51.60
27may2003,159,14.23,33.92,73.75
28may2003,154,17.49,48.37,50.28
29may2003,143,17.91,61.45,52.08
30may2003,141,19.04,67.88,47.62
31may2003,149,20.86,74.87,49.95
01jun2003,172,18.61,57.78,74.85
02jun2003,158,18.01,48.78,66.40
03jun2003,163,16.07,38.37,58.62
04jun2003,134,17.26,36.61,70.15
05jun2003,121,15.84,57.45,54.60
06jun2003,136,15.07,42.49,73.95
07jun2003,159,18.62,50.48,68.68
08jun2003,133,16.51,53.53,75.62
09jun2003,135,15.35,56.15,50.42
10jun2003,147,18.27,51.09,67.15
11jun2003,120,17.16,59.44,56.40
12jun2003,132,17.23,47.45,49.78
13jun2003,135,16.64,48.18,42.15
14jun2003,140,19.46,73.55,41.22
15jun2003,133,18.39,91.72,40.03
16jun2003,142,20.59,100.41,46.15
17jun2003,136,19.43,52.68,63.78
18jun2003,148,17.06,41.00,63.53
19jun2003,128,19.72,32.16,66.25
20jun2003,130,16.85,50.85,45.15
21jun2003,141,17.51,68.81,42.55
22jun2003,145,20.02,56.29,69.00
23jun2003,164,19.49,45.08,65.43
24jun2003,137,16.76,52.80,46.35
25jun2003,142,17.22,48.95,56.05
26jun2003,148,19.11,51.15,60.45
27jun2003,148,18.48,38.10,66.15
28jun2003,144,16.85,48.18,54.60
29jun2003,147,18.02,67.91,45.38
30jun2003,143,17.51,45.83,81.32
01jul2003,127,16.41,45.36,70.78
02jul2003,132,16.93,35.00,70.10
03jul2003,129,16.08,24.18,70.85
04jul2003,132,16.31,41.27,57.67
05jul2003,145,15.22,39.64,63.28
06jul2003,143,18.62,45.00,54.33
07jul2003,134,16.99,35.61,51.92
08jul2003,132,18.44,22.62,69.03
09jul2003,156,21.35,32.01,53.10
10jul2003,164,22.08,65.36,51.35
11jul2003,160,19.17,47.65,48.20
12jul2003,132,19.29,66.64,41.25
13jul2003,124,20.59,66.27,31.23
14jul2003,145,22.19,64.91,42.62
15jul2003,159,24.26,85.36,37.22
16jul2003,177,21.35,57.76,73.03
17jul2003,154,18.27,43.74,80.43
18jul2003,156,20.16,41.45,58.88
19jul2003,153,21.73,42.27,48.10
20jul2003,127,19.33,45.00,50.55
21jul2003,137,19.12,49.27,51.90
22jul2003,127,18.95,49.82,57.72
23jul2003,134,19.07,51.64,55.65
24jul2003,131,18.85,39.61,57.85
25jul2003,129,17.77,36.18,85.95
26jul2003,124,16.17,30.55,64.47
27jul2003,126,18.73,42.82,60.78
28jul2003,146,17.15,41.91,62.95
29jul2003,132,18.36,32.91,76.53
30jul2003,141,19.83,30.64,64.95
31jul2003,141,18.46,36.00,66.45
01aug2003,141,16.77,37.27,84.57
02aug2003,149,18.51,46.09,49.35
03aug2003,127,20.66,53.09,41.42
04aug2003,138,23.09,47.64,49.67
05aug2003,164,24.48,64.09,49.53
06aug2003,200,27.44,89.00,41.67
07aug2003,163,23.44,79.64,58.00
08aug2003,183,23.96,81.82,56.90
09aug2003,191,26.27,88.07,46.50
10aug2003,280,28.17,93.79,31.42
11aug2003,275,26.52,119.25,54.60
12aug2003,254,24.21,90.24,60.75
13aug2003,236,22.69,54.12,43.42
14aug2003,166,20.11,50.10,38.95
15aug2003,158,18.23,44.59,43.05
16aug2003,157,18.66,48.39,52.97
17aug2003,143,20.25,51.78,52.72
18aug2003,166,20.53,39.12,63.17
19aug2003,134,16.96,35.34,48.92
20aug2003,142,16.61,35.34,44.78
21aug2003,153,17.92,39.61,52.25
22aug2003,171,21.23,30.24,65.03
23aug2003,124,22.04,24.47,62.62
24aug2003,156,21.48,40.63,62.85
25aug2003,124,17.75,55.21,62.00
26aug2003,149,18.74,45.29,60.78
27aug2003,142,19.34,46.30,62.20
28aug2003,126,16.10,32.38,63.00
29aug2003,118,15.40,39.12,68.83
30aug2003,136,13.81,36.43,49.83
31aug2003,139,13.92,34.94,47.47
01sep2003,131,15.11,35.84,47.62
02sep2003,153,14.90,17.89,51.25
03sep2003,148,17.29,19.57,48.60
04sep2003,157,16.98,30.11,49.40
05sep2003,150,18.81,43.68,47.75
06sep2003,137,17.17,47.11,66.20
07sep2003,137,13.76,25.96,58.33
08sep2003,138,15.75,24.75,56.60
09sep2003,147,15.98,32.14,50.90
10sep2003,161,16.56,28.64,80.85
11sep2003,120,13.45,10.88,76.03
12sep2003,133,16.12,26.76,56.08
13sep2003,134,16.67,31.45,51.38
14sep2003,141,17.91,36.18,45.17
15sep2003,142,18.00,32.11,45.38
16sep2003,150,18.89,38.72,45.00
17sep2003,134,18.85,64.36,43.47
18sep2003,144,16.52,62.27,68.12
19sep2003,151,17.46,47.45,65.68
20sep2003,118,18.70,51.36,59.65
21sep2003,145,19.61,57.36,61.15
22sep2003,143,16.84,40.36,79.45
23sep2003,139,10.79,25.27,53.15
24sep2003,129,10.19,15.27,57.60
25sep2003,138,12.41,18.91,55.22
26sep2003,138,13.22,23.73,62.97
27sep2003,130,13.31,28.09,61.70
28sep2003,143,12.03,24.64,70.75
29sep2003,152,11.47,25.36,55.80
30sep2003,143,14.35,26.73,52.92
01oct2003,155,14.18,25.27,68.82
02oct2003,152,14.72,9.82,86.22
03oct2003,148,15.14,17.09,77.10
04oct2003,144,10.75,38.55,64.35
05oct2003,137,7.99,41.15,44.65
06oct2003,141,11.18,48.09,57.58
07oct2003,160,11.56,49.00,52.50
08oct2003,145,12.56,24.18,71.12
09oct2003,169,14.69,29.55,61.25
10oct2003,162,15.55,25.09,73.22
11oct2003,152,12.49,17.09,62.05
12oct2003,147,11.76,27.82,60.62
13oct2003,170,13.40,15.82,66.12
14oct2003,147,12.93,13.36,57.60
15oct2003,125,10.99,17.98,51.28
16oct2003,149,10.61,16.73,57.65
17oct2003,159,10.02,14.64,59.53
18oct2003,160,9.90,15.00,65.00
19oct2003,144,9.41,48.64,62.88
20oct2003,153,8.69,42.36,52.95
21oct2003,141,5.97,15.29,66.05
22oct2003,160,6.03,17.15,82.22
23oct2003,146,7.32,27.05,54.30
24oct2003,167,5.12,10.30,65.47
25oct2003,171,5.17,17.44,66.53
26oct2003,163,7.44,29.52,70.30
27oct2003,159,6.19,9.60,65.55
28oct2003,172,5.87,14.39,67.22
29oct2003,146,7.29,20.77,85.45
30oct2003,166,6.69,19.59,82.97
31oct2003,191,9.81,14.40,82.03
01nov2003,139,9.11,21.76,70.82
02nov2003,190,10.02,48.09,84.57
03nov2003,166,11.48,39.36,63.75
04nov2003,173,9.98,18.35,78.62
05nov2003,163,12.34,20.12,68.60
06nov2003,165,12.95,4.22,78.25
07nov2003,154,10.21,6.05,64.35
08nov2003,154,8.47,12.29,66.38
09nov2003,145,7.29,3.14,91.05
10nov2003,176,10.85,3.83,82.68
11nov2003,167,9.42,4.13,91.65
12nov2003,166,11.04,15.62,81.95
13nov2003,162,9.28,26.18,84.47
14nov2003,177,11.43,55.02,62.80
15nov2003,174,10.61,31.32,71.78
16nov2003,167,7.47,20.58,72.90
17nov2003,169,7.94,17.13,88.62
18nov2003,131,12.48,28.20,81.50
19nov2003,156,13.18,29.08,82.60
20nov2003,145,11.73,24.77,84.80
21nov2003,174,9.86,8.43,92.10
22nov2003,172,8.30,13.54,94.12
23nov2003,141,6.82,40.49,92.20
24nov2003,122,7.26,18.43,84.55
25nov2003,159,7.12,22.02,85.28
26nov2003,174,8.73,36.44,77.28
27nov2003,159,5.04,2.85,81.40
28nov2003,166,5.41,11.74,78.10
29nov2003,159,8.19,27.02,88.20
30nov2003,174,8.06,11.84,88.20
01dec2003,164,8.87,10.78,90.68
02dec2003,152,8.28,7.84,86.62
03dec2003,183,8.06,2.85,94.22
04dec2003,173,8.19,28.24,80.62
05dec2003,150,7.51,19.35,80.57
06dec2003,176,5.79,31.67,77.57
07dec2003,160,3.67,27.54,60.08
08dec2003,161,3.08,4.42,79.78
09dec2003,156,5.63,2.95,81.58
10dec2003,153,4.32,3.53,94.90
11dec2003,155,6.93,16.35,92.03
12dec2003,153,7.93,16.45,89.85
13dec2003,170,10.69,43.91,91.38
14dec2003,181,7.89,49.91,67.57
15dec2003,169,3.91,12.82,66.40
16dec2003,165,1.76,2.73,77.15
17dec2003,164,4.38,4.09,74.00
18dec2003,176,4.65,3.55,81.28
19dec2003,180,5.18,2.27,84.85
20dec2003,177,8.64,26.36,85.88
21dec2003,135,5.34,45.45,67.35
22dec2003,165,2.16,21.36,75.55
23dec2003,158,5.01,9.18,93.07
24dec2003,200,8.40,26.45,83.10
25dec2003,200,10.12,60.27,80.55
26dec2003,186,9.84,56.09,89.82
27dec2003,166,5.68,46.64,79.12
28dec2003,164,3.85,39.82,73.07
29dec2003,183,2.42,10.73,92.60
30dec2003,193,3.12,2.64,93.80
31dec2003,194,2.56,7.91,93.15
01jan2004,208,4.44,37.18,89.52
02jan2004,172,3.75,16.64,81.72
03jan2004,177,1.12,5.00,80.98
04jan2004,215,4.69,4.45,89.97
05jan2004,208,7.09,11.45,93.38
06jan2004,181,9.49,27.18,80.85
07jan2004,192,8.09,28.64,78.75
08jan2004,178,9.11,42.45,81.28
09jan2004,175,7.00,33.18,72.97
10jan2004,176,7.85,19.09,87.72
11jan2004,192,8.90,53.55,76.10
12jan2004,177,6.70,32.35,87.07
13jan2004,179,7.79,50.29,63.67
14jan2004,154,5.12,33.69,85.15
15jan2004,167,5.06,37.00,82.65
16jan2004,163,6.11,41.09,63.10
17jan2004,166,2.93,22.18,82.47
18jan2004,196,3.31,25.36,73.75
19jan2004,191,6.41,33.18,75.62
20jan2004,176,9.49,19.91,92.07
21jan2004,179,8.34,17.45,87.57
22jan2004,165,7.13,21.09,84.00
23jan2004,170,6.88,17.09,83.70
24jan2004,158,6.44,24.18,74.72
25jan2004,163,3.82,10.82,79.88
26jan2004,160,3.04,15.97,79.60
27jan2004,172,3.16,26.58,72.10
28jan2004,170,1.54,35.65,69.06
29jan2004,167,0.70,22.76,72.47
30jan2004,169,3.84,30.55,72.95
31jan2004,164,8.52,58.91,87.25
01feb2004,162,10.64,62.91,77.72
02feb2004,196,11.86,51.82,83.90
03feb2004,161,13.21,42.45,79.55
04feb2004,155,14.19,44.27,69.82
05feb2004,179,12.23,30.70,88.25
06feb2004,149,10.12,41.19,89.72
07feb2004,165,7.86,55.10,65.40
08feb2004,169,5.90,58.75,55.25
09feb2004,146,1.88,15.16,64.43
10feb2004,178,4.44,14.32,67.68
11feb2004,153,8.34,20.87,78.68
12feb2004,145,9.03,12.05,83.10
13feb2004,158,8.39,5.78,71.95
14feb2004,151,7.76,7.85,83.32
15feb2004,142,6.91,29.30,83.50
16feb2004,160,6.03,19.61,72.75
17feb2004,151,5.49,9.63,90.40
18feb2004,136,5.77,40.00,80.05
19feb2004,147,4.79,50.58,64.88
20feb2004,147,1.94,27.33,71.90
21feb2004,150,3.18,21.01,77.43
22feb2004,150,3.81,61.00,67.00
23feb2004,149,2.63,27.53,66.42
24feb2004,144,1.69,15.05,80.22
25feb2004,147,1.50,23.85,57.52
26feb2004,167,0.62,22.18,58.93
27feb2004,175,0.34,18.61,73.47
28feb2004,154,0.53,19.80,83.35
29feb2004,145,2.33,37.02,72.93
01mar2004,151,1.37,23.28,65.84
02mar2004,143,2.41,17.33,63.72
03mar2004,175,4.57,28.10,67.07
04mar2004,152,7.07,14.75,85.55
05mar2004,169,7.03,7.43,84.62
06mar2004,146,6.40,17.43,78.75
07mar2004,167,5.39,32.96,82.20
08mar2004,157,5.21,48.59,66.88
09mar2004,160,4.38,57.51,60.70
10mar2004,164,2.64,44.83,72.28
11mar2004,156,3.77,39.84,69.35
12mar2004,164,3.49,18.75,87.60
13mar2004,149,7.59,45.12,72.93
14mar2004,128,8.74,67.06,88.05
15mar2004,178,10.73,55.28,79.30
16mar2004,156,13.60,44.01,74.80
17mar2004,151,10.38,21.34,80.70
18mar2004,155,10.27,33.58,77.12
19mar2004,141,9.79,58.87,79.40
20mar2004,173,10.70,66.24,85.10
21mar2004,143,9.24,75.63,56.60
22mar2004,159,7.20,44.42,68.15
23mar2004,146,5.86,37.48,73.10
24mar2004,146,6.14,42.39,78.75
25mar2004,165,4.76,21.07,73.90
26mar2004,126,5.24,32.65,66.32
27mar2004,149,6.64,10.30,85.45
28mar2004,142,7.95,27.61,79.03
29mar2004,147,9.83,19.58,65.72
30mar2004,143,9.70,41.56,51.75
31mar2004,176,12.09,23.38,49.15
01apr2004,142,12.94,42.09,69.12
02apr2004,150,12.40,51.45,70.60
03apr2004,153,10.50,64.45,81.15
04apr2004,131,9.79,70.09,60.17
05apr2004,154,8.86,53.91,65.30
06apr2004,143,6.92,50.09,74.32
07apr2004,135,6.96,29.73,59.05
08apr2004,141,6.38,34.22,66.70
09apr2004,151,7.26,42.52,65.38
10apr2004,151,8.12,29.25,83.45
11apr2004,158,6.44,27.21,63.83
12apr2004,131,9.64,17.91,60.90
13apr2004,141,10.84,21.36,66.07
14apr2004,157,10.45,28.00,59.03
15apr2004,144,10.24,35.07,49.38
16apr2004,152,13.09,48.40,43.55
17apr2004,158,10.69,55.45,58.85
18apr2004,128,8.17,64.45,90.68
19apr2004,166,8.07,40.64,71.88
20apr2004,156,7.91,39.64,59.05
21apr2004,143,12.38,40.36,81.43
22apr2004,133,11.19,38.82,61.80
23apr2004,157,12.24,32.64,45.15
24apr2004,133,14.79,47.55,47.20
25apr2004,147,15.02,39.82,55.35
26apr2004,143,14.10,32.82,47.67
27apr2004,150,14.09,36.82,65.68
28apr2004,136,12.35,35.82,85.30
29apr2004,126,8.42,54.36,88.25
30apr2004,143,10.11,49.18,88.75
01may2004,128,11.14,37.82,88.07
02may2004,121,13.02,47.18,64.85
03may2004,145,11.14,35.73,84.65
04may2004,131,8.76,50.91,87.15
05may2004,166,9.09,45.55,70.57
06may2004,145,10.82,31.45,65.10
07may2004,153,11.46,34.09,54.75
08may2004,133,10.84,33.91,89.55
09may2004,153,12.74,50.00,80.68
10may2004,140,15.24,49.36,72.35
11may2004,152,12.53,33.55,79.08
12may2004,143,10.61,51.64,72.70
13may2004,153,12.29,40.73,52.20
14may2004,132,14.51,30.18,54.83
15may2004,135,16.33,30.00,56.45
16may2004,156,17.19,36.09,52.42
17may2004,155,16.61,46.09,50.08
18may2004,140,17.54,47.36,51.45
19may2004,129,17.47,39.64,50.90
20may2004,151,17.26,31.64,59.05
21may2004,135,12.50,42.27,67.00
22may2004,132,10.18,53.55,43.83
23may2004,132,11.74,52.27,44.58
24may2004,145,13.70,42.45,42.75
25may2004,143,14.86,43.82,48.03
26may2004,138,14.36,37.73,60.00
27may2004,138,13.31,40.09,66.97
28may2004,153,13.59,52.00,47.75
29may2004,134,16.77,54.55,61.22
30may2004,132,15.41,46.55,59.22
31may2004,117,14.60,51.55,52.65
01jun2004,133,14.22,22.82,89.05
02jun2004,135,15.56,45.91,67.75
03jun2004,148,15.20,42.82,59.97
04jun2004,144,18.79,34.36,66.68
05jun2004,130,17.49,20.55,66.50
06jun2004,122,18.75,31.00,65.05
07jun2004,173,20.38,52.49,51.45
08jun2004,159,22.58,64.73,50.75
09jun2004,135,18.92,50.55,60.08
10jun2004,159,18.92,37.27,65.95
11jun2004,138,17.08,49.73,48.95
12jun2004,127,16.30,46.00,55.20
13jun2004,152,17.81,57.36,50.72
14jun2004,138,21.47,40.09,58.62
15jun2004,138,20.76,40.30,50.92
16jun2004,131,19.30,45.08,52.30
17jun2004,134,17.38,45.86,56.12
18jun2004,135,15.38,44.18,59.17
19jun2004,136,12.47,41.27,50.92
20jun2004,108,11.88,39.91,58.47
21jun2004,145,12.83,33.09,60.68
22jun2004,121,14.11,37.73,60.03
23jun2004,149,14.85,57.86,83.43
24jun2004,125,15.11,55.76,47.78
25jun2004,157,15.23,43.05,49.33
26jun2004,132,14.44,38.30,63.10
27jun2004,138,18.36,45.00,55.70
28jun2004,155,15.22,37.82,52.75
29jun2004,129,16.89,39.72,55.10
30jun2004,146,17.38,37.99,60.22
01jul2004,122,15.29,43.31,56.60
02jul2004,108,15.29,36.88,73.72
03jul2004,120,15.57,43.82,58.47
04jul2004,141,14.89,37.50,62.54
05jul2004,130,15.26,34.44,46.75
06jul2004,134,16.86,31.37,42.03
07jul2004,112,16.75,48.04,62.78
08jul2004,137,15.33,37.91,72.68
09jul2004,157,14.68,35.61,60.38
10jul2004,134,14.05,35.82,63.24
11jul2004,142,14.60,39.18,67.50
12jul2004,149,15.12,28.27,65.40
13jul2004,140,15.12,35.73,45.03
14jul2004,149,17.48,23.91,84.32
15jul2004,136,19.46,16.64,75.03
16jul2004,140,19.80,15.73,75.70
17jul2004,133,19.76,25.82,67.12
18jul2004,132,18.77,36.00,69.97
19jul2004,137,16.41,33.38,48.70
20jul2004,127,18.14,32.51,65.88
21jul2004,116,19.38,41.61,69.88
22jul2004,140,20.58,39.00,62.93
23jul2004,146,19.85,44.36,51.40
24jul2004,137,18.33,47.18,52.15
25jul2004,120,17.76,50.45,57.67
26jul2004,145,18.58,24.09,70.22
27jul2004,135,18.68,34.36,53.62
28jul2004,124,20.36,57.84,48.28
29jul2004,140,22.08,73.91,40.92
30jul2004,154,21.01,44.26,54.35
31jul2004,144,21.17,62.06,45.55
01aug2004,135,21.11,78.86,59.33
02aug2004,127,21.50,73.69,60.35
03aug2004,147,22.88,48.94,74.75
04aug2004,147,21.83,41.24,54.45
05aug2004,139,22.80,30.35,74.35
06aug2004,146,21.62,39.60,57.08
07aug2004,121,22.47,54.64,42.15
08aug2004,131,24.22,79.45,49.88
09aug2004,150,21.73,26.00,78.50
10aug2004,145,21.72,26.82,72.97
11aug2004,130,20.14,43.10,64.65
12aug2004,126,20.53,47.65,78.35
13aug2004,124,18.73,41.18,74.07
14aug2004,127,19.90,50.23,64.47
15aug2004,110,19.38,35.46,73.75
16aug2004,120,18.58,39.02,73.05
17aug2004,118,19.09,48.91,64.68
18aug2004,133,19.69,47.94,68.55
19aug2004,152,18.34,49.63,69.88
20aug2004,131,17.46,44.65,70.28
21aug2004,126,15.46,32.49,54.21
22aug2004,118,16.96,42.88,56.04
23aug2004,115,17.52,41.43,85.01
24aug2004,124,18.08,41.44,75.82
25aug2004,118,17.06,28.69,69.32
26aug2004,124,17.04,42.86,62.30
27aug2004,143,17.27,25.42,88.28
28aug2004,129,15.46,28.36,58.30
29aug2004,126,15.19,42.36,72.15
30aug2004,133,15.74,42.55,57.53
31aug2004,119,14.76,22.74,64.90
01sep2004,145,15.37,32.20,57.90
02sep2004,119,18.22,44.36,55.83
03sep2004,154,19.24,41.73,53.40
04sep2004,152,19.65,29.73,60.30
05sep2004,144,21.10,53.91,50.75
06sep2004,140,19.72,58.73,62.50
07sep2004,126,20.09,59.08,67.62
08sep2004,122,18.12,49.12,53.97
09sep2004,144,19.89,26.74,54.88
10sep2004,132,17.77,35.57,82.88
11sep2004,133,18.46,68.92,61.05
12sep2004,117,14.43,49.32,60.35
13sep2004,121,16.04,46.51,74.43
14sep2004,142,14.73,42.73,67.44
15sep2004,129,13.58,28.92,57.28
16sep2004,146,12.24,34.57,57.88
17sep2004,135,15.68,53.05,76.45
18sep2004,142,17.29,43.33,79.35
19sep2004,125,12.86,40.45,67.60
20sep2004,129,16.12,53.59,68.22
21sep2004,122,13.19,52.24,56.83
22sep2004,156,14.89,33.96,76.60
23sep2004,150,17.02,29.12,65.60
24sep2004,112,11.39,21.07,54.75
25sep2004,120,9.96,7.94,83.38
26sep2004,139,14.71,14.40,78.28
27sep2004,128,16.48,8.73,80.62
28sep2004,142,16.11,17.07,71.22
29sep2004,146,14.54,11.42,80.68
30sep2004,135,16.26,9.43,82.05
01oct2004,135,12.92,17.67,75.75
02oct2004,125,13.26,39.55,70.55
03oct2004,123,12.62,37.36,84.53
04oct2004,143,14.09,36.37,67.65
05oct2004,146,12.03,31.18,65.38
06oct2004,143,11.92,32.61,65.53
07oct2004,120,11.06,18.73,62.00
08oct2004,143,10.98,17.57,66.57
09oct2004,138,10.92,45.61,60.35
10oct2004,131,12.18,44.81,60.50
11oct2004,184,11.05,17.38,67.60
12oct2004,162,12.01,6.45,88.57
13oct2004,141,12.45,16.43,88.50
14oct2004,132,11.11,18.46,78.55
15oct2004,154,8.98,7.00,87.30
16oct2004,141,9.18,9.82,86.10
17oct2004,133,9.17,13.09,81.18
18oct2004,137,10.50,11.41,69.72
19oct2004,140,9.27,10.31,82.05
20oct2004,152,13.78,19.47,87.27
21oct2004,121,11.90,53.62,62.35
22oct2004,140,13.37,52.14,71.12
23oct2004,135,14.93,51.95,88.30
24oct2004,157,15.13,57.80,78.40
25oct2004,126,12.10,46.61,65.93
26oct2004,143,10.11,15.50,68.72
27oct2004,152,9.48,15.22,79.10
28oct2004,157,12.97,37.17,71.85
29oct2004,137,12.81,32.25,75.07
30oct2004,143,13.22,9.18,77.23
31oct2004,157,11.39,18.09,80.22
01nov2004,143,10.01,18.36,79.35
02nov2004,135,10.70,8.82,88.47
03nov2004,156,12.06,10.18,78.28
04nov2004,133,10.69,14.82,74.03
05nov2004,151,7.85,8.70,71.72
06nov2004,152,9.54,7.42,86.93
07nov2004,151,10.97,14.65,88.60
08nov2004,170,10.70,19.59,91.57
09nov2004,154,9.03,14.56,84.70
10nov2004,105,7.59,21.82,75.95
11nov2004,116,7.56,15.09,70.03
12nov2004,146,10.29,17.73,88.58
13nov2004,166,4.97,23.00,55.17
14nov2004,129,4.59,9.36,69.47
15nov2004,128,5.90,9.36,73.35
16nov2004,144,10.12,10.09,80.53
17nov2004,157,11.96,35.91,77.30
18nov2004,151,8.55,30.91,90.95
19nov2004,140,3.07,13.48,71.10
20nov2004,160,1.99,4.29,86.80
21nov2004,153,6.79,10.93,93.80
22nov2004,173,10.68,33.30,72.65
23nov2004,151,10.94,9.93,82.00
24nov2004,134,10.26,3.28,85.65
25nov2004,160,9.53,5.80,80.03
26nov2004,160,9.65,16.17,87.05
27nov2004,148,8.11,8.93,74.32
28nov2004,149,7.06,29.70,89.10
29nov2004,139,6.29,19.84,78.50
30nov2004,142,5.74,4.82,74.97
01dec2004,150,3.82,3.73,74.72
02dec2004,174,4.03,2.09,86.80
03dec2004,128,3.83,2.18,92.40
04dec2004,164,6.35,1.91,88.53
05dec2004,118,8.42,8.27,87.25
06dec2004,162,9.39,10.45,72.32
07dec2004,167,6.31,2.73,87.20
08dec2004,142,8.02,1.82,85.62
09dec2004,146,5.47,2.64,84.85
10dec2004,167,4.77,3.09,78.53
11dec2004,160,4.12,2.36,85.22
12dec2004,156,4.77,2.36,86.52
13dec2004,162,3.04,1.82,88.50
14dec2004,175,6.00,12.18,85.93
15dec2004,166,9.98,16.91,83.20
16dec2004,184,9.46,27.73,80.90
17dec2004,151,6.27,33.27,84.95
18dec2004,180,4.61,19.82,75.80
19dec2004,150,4.02,37.00,53.53
20dec2004,163,2.03,14.45,68.90
21dec2004,177,3.23,4.45,91.45
22dec2004,193,6.47,19.91,87.78
23dec2004,172,10.66,45.91,72.57
24dec2004,175,8.56,50.82,80.18
25dec2004,173,3.11,33.73,76.82
26dec2004,156,0.28,9.82,81.25
27dec2004,162,1.89,12.36,82.35
28dec2004,165,3.75,42.82,69.78
29dec2004,172,5.79,16.55,79.18
30dec2004,176,9.18,25.00,72.43
31dec2004,177,9.69,34.64,81.78
01jan2005,200,8.39,46.55,82.18
02jan2005,158,5.86,45.64,62.40
03jan2005,191,7.15,41.27,80.28
04jan2005,181,8.64,47.82,76.05
05jan2005,194,5.28,27.09,79.75
06jan2005,174,8.04,34.36,82.90
07jan2005,193,11.06,58.55,71.07
08jan2005,174,8.76,55.27,56.80
09jan2005,196,9.23,45.55,79.22
10jan2005,161,10.23,35.45,87.22
11jan2005,177,9.71,42.55,89.18
12jan2005,174,7.85,41.35,63.97
13jan2005,163,5.74,15.99,71.50
14jan2005,195,4.89,12.63,70.93
15jan2005,167,6.97,10.34,79.78
16jan2005,159,7.67,17.28,82.05
17jan2005,163,7.49,46.48,82.28
18jan2005,169,4.86,43.25,74.30
19jan2005,161,6.89,27.85,72.55
20jan2005,159,10.06,39.17,76.45
21jan2005,165,7.64,39.46,59.67
22jan2005,143,2.99,13.04,72.50
23jan2005,146,3.28,31.84,64.97
24jan2005,171,3.17,35.41,76.80
25jan2005,170,3.57,29.36,72.60
26jan2005,187,2.33,18.58,59.22
27jan2005,162,4.18,37.36,84.30
28jan2005,169,6.10,42.64,83.15
29jan2005,162,5.61,33.18,84.68
30jan2005,154,6.85,27.82,77.57
31jan2005,174,6.04,21.95,81.07
01feb2005,166,7.84,26.78,84.05
02feb2005,152,7.21,25.07,70.57
03feb2005,181,6.73,3.27,87.05
04feb2005,175,8.10,4.91,78.07
05feb2005,167,6.28,18.55,76.22
06feb2005,162,7.06,17.55,79.82
07feb2005,152,5.04,7.91,80.57
08feb2005,171,5.66,5.36,83.93
09feb2005,151,7.00,30.45,78.32
10feb2005,152,9.62,45.73,85.03
11feb2005,185,8.61,20.45,94.05
12feb2005,170,9.88,59.09,69.40
13feb2005,160,4.84,61.27,63.12
14feb2005,179,4.34,45.27,53.30
15feb2005,154,4.05,40.82,63.74
16feb2005,156,3.18,26.73,62.88
17feb2005,172,2.76,3.55,80.38
18feb2005,170,6.27,19.75,83.82
19feb2005,184,4.22,44.18,52.80
20feb2005,166,1.78,45.00,73.68
21feb2005,170,3.33,34.76,72.80
22feb2005,170,1.94,38.91,71.55
23feb2005,167,1.17,38.18,81.18
24feb2005,164,1.50,30.83,90.00
25feb2005,176,1.11,23.37,80.30
26feb2005,175,2.36,34.76,87.65
27feb2005,145,1.15,54.86,76.60
28feb2005,193,-0.60,23.65,69.35
01mar2005,182,2.65,28.81,87.15
02mar2005,172,2.11,23.36,84.30
03mar2005,173,1.32,48.36,65.50
04mar2005,195,1.34,19.73,84.74
05mar2005,194,3.04,42.09,63.45
06mar2005,164,1.26,60.55,66.43
07mar2005,178,3.09,14.18,75.10
08mar2005,189,5.64,20.09,68.70
09mar2005,182,6.18,21.09,69.05
10mar2005,160,6.53,7.45,73.85
11mar2005,181,6.68,39.91,60.62
12mar2005,147,5.32,47.82,53.90
13mar2005,152,3.07,27.36,62.40
14mar2005,183,5.22,29.28,61.83
15mar2005,174,8.20,47.69,78.72
16mar2005,166,13.96,60.52,67.40
17mar2005,187,14.75,49.41,66.65
18mar2005,163,14.15,32.55,62.92
19mar2005,174,13.66,13.36,67.24
20mar2005,143,11.14,9.36,82.90
21mar2005,177,10.80,14.00,67.82
22mar2005,162,12.56,41.27,81.18
23mar2005,146,12.66,42.82,66.88
24mar2005,170,12.96,30.45,74.22
25mar2005,160,12.05,39.45,67.40
26mar2005,201,10.62,31.00,65.22
27mar2005,146,8.87,42.36,82.65
28mar2005,164,10.02,47.27,68.35
29mar2005,161,7.99,24.00,92.28
30mar2005,141,8.99,3.18,93.18
31mar2005,152,9.48,3.64,89.47
01apr2005,140,12.04,22.73,68.82
02apr2005,131,13.13,27.73,41.97
03apr2005,165,13.16,54.09,55.22
04apr2005,143,10.60,41.73,80.22
05apr2005,141,8.23,53.73,57.78
06apr2005,164,10.48,64.73,74.78
07apr2005,154,9.64,56.36,67.10
08apr2005,126,5.38,43.64,67.15
09apr2005,138,4.69,53.73,51.60
10apr2005,153,10.86,46.64,56.85
11apr2005,189,11.19,28.09,54.53
12apr2005,156,9.87,26.64,71.80
13apr2005,150,9.76,44.55,76.25
14apr2005,126,9.19,46.73,74.82
15apr2005,134,6.65,11.45,85.23
16apr2005,161,6.25,25.64,69.60
17apr2005,144,8.24,47.36,48.03
18apr2005,152,11.33,48.73,57.47
19apr2005,134,9.02,27.51,64.25
20apr2005,134,7.96,30.27,67.22
21apr2005,139,10.48,39.91,50.55
22apr2005,138,10.94,35.45,42.92
23apr2005,150,11.24,24.45,66.75
24apr2005,140,10.76,53.09,64.25
25apr2005,149,10.54,23.82,87.70
26apr2005,145,11.26,49.09,70.25
27apr2005,164,10.72,48.10,70.12
28apr2005,141,11.66,43.91,69.28
29apr2005,152,14.39,48.73,62.08
30apr2005,167,17.11,31.82,75.28
01may2005,163,18.81,49.82,57.03
02may2005,137,17.02,58.55,66.05
03may2005,145,14.45,56.56,63.38
04may2005,142,10.80,48.91,80.57
05may2005,148,10.61,39.89,63.83
06may2005,147,13.38,60.73,45.12
07may2005,136,11.96,64.73,49.53
08may2005,133,9.89,62.36,44.35
09may2005,134,8.45,46.45,55.85
10may2005,135,7.86,41.73,61.83
11may2005,144,7.44,48.64,51.85
12may2005,166,8.84,63.55,49.24
13may2005,120,11.34,73.45,53.62
14may2005,143,10.41,69.27,55.08
15may2005,155,10.54,63.27,45.95
16may2005,155,11.39,41.45,68.35
17may2005,123,8.31,53.55,44.62
18may2005,123,10.00,60.55,47.03
19may2005,139,11.91,40.73,84.65
20may2005,121,15.19,53.00,73.78
21may2005,153,12.29,55.73,72.88
22may2005,129,12.87,75.92,59.45
23may2005,128,12.07,64.61,49.00
24may2005,169,13.73,61.76,82.03
25may2005,145,16.17,44.73,70.30
26may2005,152,19.35,45.05,56.57
27may2005,156,21.64,78.28,45.03
28may2005,146,17.64,64.42,56.30
29may2005,146,13.07,45.67,56.80
30may2005,104,14.39,44.41,50.53
31may2005,139,13.92,42.88,50.70
01jun2005,135,13.20,24.52,72.65
02jun2005,127,15.82,29.15,78.45
03jun2005,131,16.80,41.68,64.15
04jun2005,130,15.13,53.58,56.00
05jun2005,115,15.17,51.30,61.52
06jun2005,126,13.64,42.03,69.72
07jun2005,103,11.42,42.24,46.75
08jun2005,147,13.72,29.86,39.15
09jun2005,132,15.02,46.93,38.83
10jun2005,158,15.76,39.19,65.80
11jun2005,128,11.31,41.95,53.55
12jun2005,128,14.80,49.06,61.15
13jun2005,145,12.58,46.83,44.83
14jun2005,111,13.98,51.26,50.92
15jun2005,124,15.76,52.55,69.15
16jun2005,113,16.65,35.00,80.72
17jun2005,156,20.81,17.83,70.47
18jun2005,132,22.51,40.65,55.70
19jun2005,147,24.52,67.93,42.33
20jun2005,161,22.76,48.94,61.17
21jun2005,142,20.09,49.50,38.88
22jun2005,133,21.26,57.10,47.65
23jun2005,137,23.04,75.91,35.50
24jun2005,197,22.01,48.54,54.22
25jun2005,134,17.33,59.31,80.88
26jun2005,107,16.44,60.49,63.38
27jun2005,116,18.29,52.64,55.60
28jun2005,119,19.36,59.40,46.80
29jun2005,118,19.71,51.73,66.97
30jun2005,129,16.90,40.18,83.38
01jul2005,138,16.92,31.52,64.35
02jul2005,145,18.75,32.64,73.35
03jul2005,127,16.49,42.64,74.97
04jul2005,135,14.94,30.91,56.22
05jul2005,134,13.52,29.97,71.65
06jul2005,128,16.19,32.85,59.08
07jul2005,128,15.57,42.39,74.05
08jul2005,125,16.12,46.09,64.25
09jul2005,125,17.86,72.45,74.03
10jul2005,140,21.12,69.73,53.42
11jul2005,135,22.07,37.36,55.15
12jul2005,132,20.20,41.27,51.85
13jul2005,153,21.79,50.00,51.15
14jul2005,142,23.57,72.27,46.58
15jul2005,155,21.66,64.55,57.58
16jul2005,136,18.77,55.91,45.28
17jul2005,133,21.28,75.73,40.20
18jul2005,138,20.11,51.75,50.35
19jul2005,128,17.77,46.32,41.90
20jul2005,111,19.34,45.82,42.45
21jul2005,113,17.38,37.09,55.42
22jul2005,133,16.85,23.18,69.38
23jul2005,114,18.99,26.91,64.45
24jul2005,119,18.04,29.78,85.25
25jul2005,114,16.34,30.29,85.38
26jul2005,136,16.51,33.94,57.33
27jul2005,115,14.72,25.80,94.60
28jul2005,143,19.34,30.64,80.60
29jul2005,135,18.41,50.46,55.50
30jul2005,120,16.88,34.97,69.35
31jul2005,138,16.80,30.73,70.55
01aug2005,132,17.57,22.96,75.35
02aug2005,119,18.01,41.35,60.15
03aug2005,130,18.89,33.10,49.99
04aug2005,131,17.38,26.93,51.90
05aug2005,123,17.38,30.81,74.32
06aug2005,130,15.52,31.21,58.22
07aug2005,115,15.53,41.07,50.20
08aug2005,134,15.96,30.22,51.10
09aug2005,125,18.13,28.12,42.12
10aug2005,144,19.15,25.70,59.25
11aug2005,127,19.66,32.82,53.38
12aug2005,150,17.73,25.91,59.10
13aug2005,142,16.11,24.91,72.75
14aug2005,139,16.18,38.00,70.72
15aug2005,137,16.92,27.73,59.33
16aug2005,117,18.53,34.00,51.80
17aug2005,133,19.42,39.45,52.15
18aug2005,147,21.16,47.64,52.45
19aug2005,131,17.38,23.36,91.43
20aug2005,121,16.64,29.36,64.03
21aug2005,123,19.29,35.18,56.60
22aug2005,111,15.99,11.55,94.03
23aug2005,106,16.41,28.55,56.80
24aug2005,119,15.06,30.27,79.53
25aug2005,113,14.89,34.82,61.08
26aug2005,120,14.67,32.55,51.97
27aug2005,136,16.39,28.00,64.05
28aug2005,122,17.67,42.27,57.30
29aug2005,131,18.60,36.55,61.28
30aug2005,135,20.80,35.91,57.33
31aug2005,152,22.79,63.91,51.85
01sep2005,130,20.44,54.55,58.28
02sep2005,117,18.26,39.18,52.22
03sep2005,109,19.64,56.00,66.47
04sep2005,140,22.46,58.18,59.53
05sep2005,149,20.07,24.55,76.03
06sep2005,118,18.68,10.91,73.62
07sep2005,131,18.68,41.64,58.28
08sep2005,153,19.33,42.63,60.40
09sep2005,118,19.56,16.09,70.60
10sep2005,116,19.82,27.35,79.93
11sep2005,133,16.53,37.36,91.80
12sep2005,121,17.66,33.73,69.10
13sep2005,111,16.75,37.44,64.80
14sep2005,125,19.76,38.71,73.40
15sep2005,118,17.74,21.27,91.95
16sep2005,139,13.19,47.49,64.05
17sep2005,116,10.63,24.64,53.45
18sep2005,136,11.87,14.91,74.72
19sep2005,142,16.27,25.27,62.92
20sep2005,129,16.17,22.73,66.97
21sep2005,128,16.94,25.55,74.20
22sep2005,115,15.67,33.41,68.28
23sep2005,107,14.79,26.91,86.38
24sep2005,119,12.50,27.27,58.02
25sep2005,110,16.22,35.91,71.02
26sep2005,127,13.84,37.09,68.78
27sep2005,154,16.20,39.00,71.97
28sep2005,119,11.74,39.22,63.25
29sep2005,142,11.95,27.81,60.58
30sep2005,144,15.16,18.07,91.72
01oct2005,136,13.59,37.09,70.15
02oct2005,121,11.47,30.45,59.60
03oct2005,132,10.56,8.73,72.50
04oct2005,140,12.65,14.57,64.88
05oct2005,151,13.06,16.64,82.57
06oct2005,141,14.71,10.82,85.70
07oct2005,164,16.01,9.64,74.55
08oct2005,125,15.46,38.18,74.95
09oct2005,121,11.99,24.18,65.90
10oct2005,137,15.67,35.18,66.22
11oct2005,147,18.28,39.94,72.82
12oct2005,150,18.13,26.06,87.40
13oct2005,119,14.11,19.51,86.38
14oct2005,110,13.99,26.73,83.38
15oct2005,146,16.94,16.64,70.03
16oct2005,99,14.48,15.88,73.10
17oct2005,135,14.34,5.10,84.88
18oct2005,140,11.45,3.63,73.15
19oct2005,132,13.10,22.32,82.65
20oct2005,124,12.94,33.70,65.88
21oct2005,145,13.61,42.55,75.73
22oct2005,131,13.36,26.73,76.53
23oct2005,140,11.21,15.36,79.47
24oct2005,140,13.41,39.55,92.80
25oct2005,129,15.29,48.45,67.47
26oct2005,135,15.04,21.45,85.65
27oct2005,138,17.48,30.00,69.05
28oct2005,147,15.56,38.36,82.20
29oct2005,140,14.45,32.36,86.05
30oct2005,143,16.77,43.09,76.03
31oct2005,110,13.28,21.82,89.97
01nov2005,133,12.25,35.48,70.72
02nov2005,142,13.85,42.92,90.57
03nov2005,128,14.73,58.66,72.45
04nov2005,148,10.84,36.76,67.65
05nov2005,128,9.06,32.69,78.97
06nov2005,126,11.98,49.72,87.72
07nov2005,143,11.13,28.11,74.22
08nov2005,147,13.68,44.32,72.68
09nov2005,124,9.54,18.39,73.20
10nov2005,122,9.52,28.80,87.35
11nov2005,130,12.84,48.60,74.65
12nov2005,126,8.24,28.23,71.40
13nov2005,122,6.21,16.61,82.65
14nov2005,127,5.18,4.77,79.40
15nov2005,152,7.80,14.30,76.78
16nov2005,137,5.70,21.76,68.10
17nov2005,115,2.88,5.27,68.22
18nov2005,147,2.26,3.88,76.85
19nov2005,152,2.92,3.88,81.25
20nov2005,121,2.21,2.79,82.97
21nov2005,132,2.94,2.49,84.50
22nov2005,159,4.69,2.09,87.60
23nov2005,159,4.05,2.19,93.65
24nov2005,156,5.41,14.61,78.75
25nov2005,143,1.37,23.19,74.53
26nov2005,136,3.23,17.79,82.20
27nov2005,132,3.09,13.82,84.95
28nov2005,141,3.21,10.64,75.20
29nov2005,159,2.86,7.56,77.88
30nov2005,145,3.70,10.22,81.55
01dec2005,157,7.07,26.42,88.10
02dec2005,175,8.62,43.73,77.35
03dec2005,151,8.09,36.76,81.75
04dec2005,133,6.88,15.40,84.05
05dec2005,129,6.41,9.73,81.28
06dec2005,147,3.86,2.39,88.43
07dec2005,161,3.50,6.06,86.00
08dec2005,151,5.22,13.82,87.07
09dec2005,150,3.29,1.70,92.80
10dec2005,150,4.47,2.29,83.57
11dec2005,139,3.20,1.70,90.15
12dec2005,146,4.51,16.10,77.65
13dec2005,149,5.79,11.53,77.12
14dec2005,161,6.00,11.43,79.83
15dec2005,190,8.39,17.57,74.20
16dec2005,173,8.74,38.05,65.32
17dec2005,135,2.99,26.04,55.53
18dec2005,133,1.28,12.32,70.15
19dec2005,165,4.69,15.11,80.05
20dec2005,152,3.43,2.69,79.00
21dec2005,164,6.77,8.44,85.32
22dec2005,157,7.51,19.16,77.40
23dec2005,144,8.64,20.21,70.82
24dec2005,153,8.75,10.24,82.50
25dec2005,154,4.17,24.36,79.65
26dec2005,169,3.47,33.27,84.70
27dec2005,146,1.23,30.06,82.72
28dec2005,158,-0.19,24.44,84.38
29dec2005,158,0.01,13.04,88.07
30dec2005,176,3.48,29.23,92.97
31dec2005,176,5.93,46.15,75.45
01jan2006,147,5.74,25.51,78.75
02jan2006,145,6.27,11.61,86.95
03jan2006,157,7.22,5.23,92.03
04jan2006,153,5.59,19.85,83.53
05jan2006,150,2.78,7.42,75.10
06jan2006,154,3.00,2.71,75.97
07jan2006,153,2.05,1.73,91.50
08jan2006,160,3.06,1.84,88.88
09jan2006,172,5.42,5.24,90.35
10jan2006,152,6.39,25.51,83.47
11jan2006,153,7.58,23.80,75.60
12jan2006,162,3.06,12.02,84.45
13jan2006,156,5.85,20.34,77.88
14jan2006,148,7.60,20.86,87.07
15jan2006,142,8.07,29.55,86.70
16jan2006,149,7.40,28.75,89.05
17jan2006,168,7.53,19.02,83.47
18jan2006,148,8.84,8.38,89.25
19jan2006,152,9.62,22.38,89.10
20jan2006,149,8.55,42.40,68.47
21jan2006,160,6.12,19.03,75.30
22jan2006,138,2.80,10.27,80.00
23jan2006,148,1.72,7.66,74.78
24jan2006,148,0.74,3.03,76.32
25jan2006,167,1.52,14.77,79.70
26jan2006,143,2.89,41.76,65.70
27jan2006,137,2.49,35.64,66.25
28jan2006,156,2.77,37.29,65.62
29jan2006,186,3.21,43.99,70.43
30jan2006,147,4.35,45.96,73.00
31jan2006,159,4.27,27.39,78.05
01feb2006,160,1.28,2.05,83.12
02feb2006,159,-0.72,2.72,83.47
03feb2006,147,0.14,2.28,87.35
04feb2006,176,2.38,7.75,75.28
05feb2006,135,4.57,3.81,83.65
06feb2006,160,5.34,15.54,69.85
07feb2006,153,7.21,30.98,72.72
08feb2006,147,6.20,35.67,66.38
09feb2006,135,3.33,25.53,51.97
10feb2006,159,2.39,15.00,64.30
11feb2006,142,2.80,11.16,70.62
12feb2006,167,5.23,33.83,93.90
13feb2006,176,8.62,23.50,81.38
14feb2006,179,8.71,44.38,73.72
15feb2006,178,9.13,53.84,73.03
16feb2006,165,6.88,50.41,76.20
17feb2006,132,7.31,33.20,69.00
18feb2006,157,4.31,14.23,80.32
19feb2006,163,4.63,22.21,92.05
20feb2006,156,5.21,48.38,61.78
21feb2006,145,3.66,48.52,80.88
22feb2006,156,2.78,41.71,81.93
23feb2006,158,1.65,23.69,91.85
24feb2006,193,1.96,28.30,70.35
25feb2006,173,3.94,58.35,59.53
26feb2006,162,4.09,58.98,62.38
27feb2006,168,3.78,30.58,65.75
28feb2006,163,3.17,41.99,53.50
01mar2006,147,1.46,29.97,59.57
02mar2006,145,1.16,19.71,63.79
03mar2006,174,1.81,15.68,62.72
04mar2006,156,0.74,23.91,61.45
05mar2006,142,2.91,39.34,52.65
06mar2006,163,3.99,26.40,62.97
07mar2006,173,4.66,21.11,86.47
08mar2006,158,8.16,17.02,90.90
09mar2006,173,9.04,38.67,85.00
10mar2006,162,6.01,53.73,65.03
11mar2006,127,3.88,62.59,68.97
12mar2006,152,1.86,55.08,58.83
13mar2006,187,2.26,57.14,45.81
14mar2006,180,3.87,36.89,65.88
15mar2006,154,6.22,28.19,63.15
16mar2006,152,1.84,53.89,76.60
17mar2006,155,3.28,68.11,68.40
18mar2006,137,4.01,69.11,61.57
19mar2006,151,5.56,72.51,61.75
20mar2006,170,3.97,58.38,71.60
21mar2006,145,3.74,61.34,54.20
22mar2006,161,3.06,51.99,52.65
23mar2006,168,5.12,25.84,40.17
24mar2006,189,9.11,36.65,84.10
25mar2006,159,11.14,59.26,77.10
26mar2006,146,12.66,46.32,87.00
27mar2006,165,11.97,71.70,82.80
28mar2006,155,10.61,62.22,64.38
29mar2006,168,9.87,49.76,70.32
30mar2006,137,11.57,61.05,75.88
31mar2006,169,12.65,65.11,63.20
01apr2006,160,11.32,72.18,59.90
02apr2006,119,9.77,72.20,73.43
03apr2006,138,9.19,50.83,57.90
04apr2006,148,5.55,54.88,53.78
05apr2006,134,5.34,41.84,40.47
06apr2006,162,7.14,44.60,38.58
07apr2006,138,7.80,47.96,70.15
08apr2006,143,8.65,72.72,45.17
09apr2006,122,6.29,55.90,62.15
10apr2006,157,5.66,45.57,54.15
11apr2006,141,5.16,39.59,71.03
12apr2006,164,8.57,46.30,55.55
13apr2006,147,12.15,53.66,70.57
14apr2006,133,11.09,39.89,76.10
15apr2006,133,11.06,17.79,79.25
16apr2006,126,11.24,33.73,63.00
17apr2006,147,10.44,55.21,55.20
18apr2006,138,10.24,52.05,53.28
19apr2006,142,10.74,56.59,63.42
20apr2006,158,11.58,48.72,82.07
21apr2006,120,13.43,29.13,56.85
22apr2006,129,12.21,54.54,55.45
23apr2006,152,10.79,41.45,84.20
24apr2006,134,11.77,23.87,82.95
25apr2006,123,10.88,17.70,81.57
26apr2006,153,11.76,43.42,60.12
27apr2006,146,12.60,31.33,53.03
28apr2006,145,10.99,45.52,55.38
29apr2006,158,10.09,59.83,48.92
30apr2006,131,9.38,52.35,66.78
01may2006,145,11.06,59.27,65.57
02may2006,135,10.22,45.25,61.22
03may2006,127,13.79,39.87,63.45
04may2006,127,19.62,52.94,46.70
05may2006,140,16.30,58.33,54.45
06may2006,133,12.43,19.25,70.80
07may2006,148,14.54,48.67,69.43
08may2006,134,12.86,37.09,83.93
09may2006,122,13.90,37.94,74.97
10may2006,140,15.88,50.82,65.53
11may2006,132,15.76,49.57,39.92
12may2006,140,16.68,46.99,44.00
13may2006,138,14.66,60.60,67.47
14may2006,139,13.32,60.25,77.53
15may2006,139,14.44,38.45,73.15
16may2006,135,14.29,37.82,71.57
17may2006,131,13.57,31.18,84.85
18may2006,143,14.59,63.88,67.20
19may2006,114,13.78,61.46,68.85
20may2006,128,12.83,59.14,75.62
21may2006,118,12.55,51.87,87.38
22may2006,151,12.41,55.08,78.15
23may2006,125,10.24,44.31,61.57
24may2006,123,11.68,65.14,71.95
25may2006,130,13.68,48.47,62.58
26may2006,149,15.89,23.63,81.72
27may2006,125,15.14,22.97,88.23
28may2006,124,13.80,51.27,54.20
29may2006,128,11.66,57.77,54.72
30may2006,140,9.39,46.86,49.60
31may2006,132,10.42,48.84,46.58
01jun2006,116,10.86,23.34,61.72
02jun2006,158,14.64,26.19,63.50
03jun2006,130,16.47,53.87,39.17
04jun2006,139,16.58,53.27,48.22
05jun2006,129,15.89,44.89,59.12
06jun2006,133,14.68,54.45,51.58
07jun2006,136,18.20,50.21,52.58
08jun2006,136,20.09,62.93,48.98
09jun2006,143,19.66,72.60,43.38
10jun2006,151,21.36,87.48,37.60
11jun2006,150,22.74,71.93,51.58
12jun2006,164,24.54,73.97,41.08
13jun2006,169,20.35,29.17,78.55
14jun2006,116,15.96,52.80,77.35
15jun2006,130,15.62,54.91,55.55
16jun2006,145,17.92,52.99,52.35
17jun2006,143,20.89,74.55,44.15
18jun2006,133,19.96,99.56,51.28
19jun2006,110,17.33,48.03,66.32
20jun2006,122,18.11,52.01,57.10
21jun2006,121,16.73,58.05,49.40
22jun2006,123,15.30,56.19,46.42
23jun2006,139,16.01,50.60,45.38
24jun2006,139,18.46,69.29,46.17
25jun2006,118,18.24,76.43,51.60
26jun2006,153,14.80,46.10,86.93
27jun2006,118,15.02,34.44,64.38
28jun2006,125,16.84,34.59,48.33
29jun2006,112,17.83,41.37,52.10
30jun2006,153,20.02,58.66,35.25
01jul2006,144,21.66,82.62,39.15
02jul2006,166,24.49,96.99,38.67
03jul2006,159,23.61,94.16,37.22
04jul2006,150,23.74,83.36,52.05
05jul2006,114,20.65,57.27,80.85
06jul2006,141,20.76,59.99,74.62
07jul2006,129,18.96,33.38,61.75
08jul2006,106,17.72,44.97,49.42
09jul2006,124,18.50,52.24,71.62
10jul2006,118,18.02,26.26,77.10
11jul2006,111,20.43,37.38,51.58
12jul2006,114,19.70,51.36,42.28
13jul2006,127,18.29,36.37,63.70
14jul2006,113,17.27,49.01,49.50
15jul2006,130,19.23,57.08,48.22
16jul2006,144,21.49,68.25,46.85
17jul2006,132,23.25,76.12,34.47
18jul2006,153,23.96,90.93,35.40
19jul2006,163,26.14,104.11,40.83
20jul2006,123,24.90,87.16,46.93
21jul2006,145,24.07,77.02,49.25
22jul2006,157,24.39,61.21,74.15
23jul2006,142,21.54,41.58,64.50
24jul2006,153,22.25,45.60,45.78
25jul2006,145,24.47,58.76,46.70
26jul2006,139,25.86,95.89,49.20
27jul2006,163,24.58,73.56,52.03
28jul2006,142,22.46,47.71,61.40
29jul2006,147,21.11,40.02,53.70
30jul2006,109,21.35,49.81,45.58
31jul2006,133,19.81,49.35,52.60
01aug2006,138,18.12,37.47,55.85
02aug2006,141,18.12,40.26,46.80
03aug2006,126,16.92,31.69,76.28
04aug2006,135,16.89,27.93,57.40
05aug2006,110,19.99,37.36,48.65
06aug2006,136,22.19,24.25,51.85
07aug2006,135,20.68,19.28,79.62
08aug2006,130,18.13,46.63,46.20
09aug2006,128,18.60,35.38,53.22
10aug2006,121,16.52,36.68,58.85
11aug2006,128,16.14,37.76,49.93
12aug2006,121,15.95,40.56,72.82
13aug2006,137,16.15,42.53,83.75
14aug2006,124,15.32,18.49,82.53
15aug2006,121,17.02,36.87,60.50
16aug2006,116,17.09,36.35,64.35
17aug2006,103,18.41,32.77,64.90
18aug2006,116,17.52,39.55,77.68
19aug2006,130,17.77,48.18,73.45
20aug2006,121,17.66,53.37,74.07
21aug2006,129,17.19,29.80,69.53
22aug2006,138,16.01,30.50,59.85
23aug2006,114,17.26,24.73,78.25
24aug2006,117,17.48,19.89,69.97
25aug2006,133,15.93,29.91,50.92
26aug2006,153,17.15,25.93,73.95
27aug2006,127,16.98,33.79,56.25
28aug2006,125,16.40,36.38,62.28
29aug2006,152,15.54,26.63,69.53
30aug2006,113,15.35,26.97,58.03
31aug2006,121,18.83,33.34,69.15
01sep2006,116,18.58,30.53,71.19
02sep2006,125,16.81,34.69,81.71
03sep2006,106,21.07,35.99,72.80
04sep2006,141,19.36,34.93,61.50
05sep2006,134,21.36,14.99,66.93
06sep2006,129,21.56,23.15,61.97
07sep2006,118,16.86,42.04,52.58
08sep2006,131,14.96,39.34,54.75
09sep2006,128,16.79,35.84,53.00
10sep2006,129,18.51,40.66,52.83
11sep2006,140,21.31,39.14,45.42
12sep2006,132,18.88,11.33,80.57
13sep2006,122,19.83,30.45,76.53
14sep2006,117,18.63,23.57,77.53
15sep2006,124,17.99,39.54,75.82
16sep2006,124,18.46,64.83,78.55
17sep2006,115,19.67,47.03,60.35
18sep2006,102,17.93,35.38,63.55
19sep2006,128,16.41,38.65,57.80
20sep2006,124,17.22,40.72,62.55
21sep2006,115,22.06,59.00,52.30
22sep2006,138,18.03,35.37,90.07
23sep2006,130,17.94,21.14,72.12
24sep2006,121,19.02,34.19,70.05
25sep2006,117,16.97,6.06,85.33
26sep2006,119,16.44,17.39,70.25
27sep2006,139,15.61,35.28,74.90
28sep2006,120,17.86,27.11,81.50
29sep2006,115,17.11,28.10,85.57
30sep2006,134,15.54,36.65,83.70
01oct2006,136,16.50,50.09,79.22
02oct2006,104,15.33,37.87,83.60
03oct2006,105,12.43,20.36,74.65
04oct2006,128,12.23,24.09,60.53
05oct2006,128,11.59,23.91,89.29
06oct2006,134,15.20,38.45,81.62
07oct2006,134,12.95,35.55,58.28
08oct2006,111,13.34,35.55,67.22
09oct2006,130,16.76,26.73,78.45
10oct2006,140,17.86,11.45,83.15
11oct2006,126,17.03,10.45,87.20
12oct2006,120,13.31,17.18,72.10
13oct2006,116,14.04,7.64,76.93
14oct2006,110,13.56,18.00,81.75
15oct2006,130,14.69,41.27,73.80
16oct2006,140,14.87,9.00,76.20
17oct2006,131,13.74,10.73,81.72
18oct2006,120,15.79,11.73,83.80
19oct2006,126,15.48,38.27,74.93
20oct2006,140,15.31,43.00,76.72
21oct2006,125,14.98,47.36,76.43
22oct2006,149,13.57,44.55,83.85
23oct2006,135,12.62,17.45,83.32
24oct2006,119,12.44,12.82,76.62
25oct2006,141,11.84,12.64,81.38
26oct2006,138,15.04,39.09,76.25
27oct2006,141,10.21,17.18,70.65
28oct2006,114,13.24,30.28,83.90
29oct2006,146,13.97,26.14,69.43
30oct2006,140,13.04,16.47,84.57
31oct2006,137,12.15,45.79,61.53
01nov2006,123,6.32,27.23,60.03
02nov2006,141,5.00,12.40,61.82
03nov2006,145,5.62,6.64,65.80
04nov2006,132,5.43,7.36,69.22
05nov2006,154,8.07,12.00,76.38
06nov2006,146,8.15,5.00,79.15
07nov2006,134,7.37,3.27,87.30
08nov2006,130,10.45,13.82,87.60
09nov2006,145,8.77,17.45,67.78
10nov2006,137,7.10,13.64,75.72
11nov2006,119,10.25,39.18,71.15
12nov2006,140,9.98,37.64,71.43
13nov2006,142,12.82,38.36,74.43
14nov2006,141,12.09,33.91,86.43
15nov2006,147,12.70,34.91,79.53
16nov2006,140,10.71,21.73,85.28
17nov2006,135,9.25,31.36,74.78
18nov2006,119,6.63,25.55,64.35
19nov2006,125,6.10,27.18,73.05
20nov2006,155,9.25,31.64,85.78
21nov2006,134,6.57,30.00,75.80
22nov2006,136,7.72,23.64,83.62
23nov2006,133,9.85,45.18,69.28
24nov2006,138,10.25,30.18,83.80
25nov2006,141,11.13,47.00,74.68
26nov2006,139,9.71,42.73,83.95
27nov2006,139,11.83,39.73,77.60
28nov2006,140,11.28,26.91,80.02
29nov2006,138,9.16,24.36,79.28
30nov2006,128,9.10,27.00,77.55
01dec2006,149,10.41,27.36,92.47
02dec2006,113,10.20,37.55,79.03
03dec2006,147,8.94,61.18,71.45
04dec2006,151,10.52,48.18,74.70
05dec2006,136,11.20,56.00,77.82
06dec2006,144,8.74,44.27,63.38
07dec2006,126,8.45,57.93,76.40
08dec2006,148,7.03,20.73,77.55
09dec2006,140,4.88,10.09,77.53
10dec2006,132,5.02,28.45,77.70
11dec2006,142,7.97,33.65,88.03
12dec2006,143,7.27,38.06,76.03
13dec2006,140,10.26,50.86,76.40
14dec2006,134,11.60,56.00,72.55
15dec2006,127,11.24,42.47,80.00
16dec2006,153,7.52,18.34,82.00
17dec2006,141,5.58,13.61,80.03
18dec2006,135,5.28,2.05,88.38
19dec2006,152,1.77,1.95,92.60
20dec2006,133,0.01,1.64,95.32
21dec2006,132,-0.63,1.27,97.82
22dec2006,169,-0.27,1.18,98.86
23dec2006,147,1.73,7.45,94.35
24dec2006,162,4.71,28.55,86.07
25dec2006,137,5.21,27.82,84.45
26dec2006,162,5.47,10.09,83.80
27dec2006,153,5.48,5.82,85.47
28dec2006,157,7.94,23.18,85.85
29dec2006,153,8.01,37.73,88.03
30dec2006,143,9.73,56.82,84.20
31dec2006,137,10.02,56.36,85.52
